Country,Country_Code,Year,FDI,GDP_Growth,Exports_pct_GDP,Imports_pct_GDP,Trade_Openness,FDI_log,Trade_Openness_log,FDI_log_scaled,GDP_Growth_scaled,Trade_Openness_log_scaled
Brunei Darussalam,BRN,2000,549607250.0,3.47467625024112,56.9702963778436,30.0850369790491,87.0553333568927,22.352499031159518,4.477965405020278,-0.36807698205320344,-0.39673900996285877,-0.4817370575735852
Brunei Darussalam,BRN,2001,60694643.66,1.46606051123892,57.9295715893463,33.1702163265203,91.0997879158666,22.251721418926056,4.52287264049929,-0.4266709082933948,-1.0066724350729508,-0.40059819625128096
Brunei Darussalam,BRN,2002,229671955.7,3.96143911729992,56.6559739302734,36.5602074917746,93.216181422048,22.28771208295236,4.545591944134404,-0.4057452853642917,-0.24892928361417108,-0.3595487215435702
Brunei Darussalam,BRN,2003,123820911.1,3.58342892575843,58.4208886086276,30.664727455027,89.0856160636546,22.265318770063278,4.500760507737232,-0.4187651624443004,-0.3637153257508101,-0.44055062829443087
Brunei Darussalam,BRN,2004,113205867.0,0.104538440167488,57.7661849453707,27.1159814628356,84.8821664082063,22.263045189586542,4.452976198684565,-0.4200870632494751,-1.420110308752121,-0.5268878161495718
Brunei Darussalam,BRN,2005,175068516.6,-0.0039251887198048,58.5718065853031,23.0483074928954,81.6201140781985,22.276223087965082,4.414253162725333,-0.41242519481976697,-1.4530462214717732,-0.596853001295364
Brunei Darussalam,BRN,2006,87839128.31,4.09841260978121,60.1605717677988,21.4103827977614,81.5709545655602,22.25759099303618,4.413657979045087,-0.42325823175891514,-0.20733610588675447,-0.5979283853749592
Brunei Darussalam,BRN,2007,257635717.5,-3.76362347570418,56.9641140279522,24.047300540928,81.0114145688802,22.293545163441294,4.40685843963606,-0.40235382688113275,-2.594710905778229,-0.6102138640796657
Brunei Darussalam,BRN,2008,222184549.5,-3.90071082085659,65.9431408995092,23.802284585175,89.7454254846842,22.28614446083159,4.508058063992173,-0.40665672921457996,-2.6363386558473367,-0.427365327559585
Brunei Darussalam,BRN,2009,325586827.8,-1.90025386182131,59.7036048188459,30.5834832943224,90.2870881131683,22.307579177248048,4.514009354961993,-0.3941941974592549,-2.0288827143660524,-0.4166124729797342
Brunei Darussalam,BRN,2010,480722550.0,2.74136433514822,67.4082522735034,27.9632937990884,95.3715460725918,22.33890008001152,4.5682109928245955,-0.37598365817749824,-0.6194154728431307,-0.3186803885157305
Brunei Darussalam,BRN,2011,691170270.0,3.74440638728039,69.5063427344544,30.0315881262525,99.53793086070692,22.379878429930102,4.6105350777931235,-0.3521581044720601,-0.31483313660676215,-0.24220879047091587
Brunei Darussalam,BRN,2012,864905530.0,0.913135324414256,70.1597309958374,35.4811711495708,105.6409021454082,22.41248688207507,4.669467135562804,-0.333198960695536,-1.1745729182171962,-0.1357297339935489
Brunei Darussalam,BRN,2013,775642000.0,-2.12478318620758,68.0441177749269,42.8954818041472,110.9395995790741,22.39586581513787,4.717959436353672,-0.34286274959237284,-2.097062972641138,-0.04811333928342157
Brunei Darussalam,BRN,2014,573906207.8,-2.50788721630481,68.177101904531,34.2438991427387,102.4210010472697,22.357252253207225,4.638808046357216,-0.3653133727962048,-2.2133958026162532,-0.19112489606009375
Brunei Darussalam,BRN,2015,171289167.8,-0.392383487933529,52.2130112999105,37.6831770760633,89.8961883759738,22.275422977518655,4.509718068246766,-0.41289039350271795,-1.5710049212624893,-0.4243660145631118
Brunei Darussalam,BRN,2016,-150550827.3,-2.47791776520457,49.5777773330629,37.7420239181075,87.31980125117039,22.20482593613311,4.480964332199831,-0.4539367900589067,-2.2042953213229426,-0.4763185646750144
Brunei Darussalam,BRN,2017,467927550.3,1.32872651318183,49.5733065162321,35.6035538991208,85.1768604153529,22.33635364804912,4.456401700975846,-0.3774641997707533,-1.0483750834155523,-0.5206985828911284
Brunei Darussalam,BRN,2018,516202620.6,0.0523710544736673,51.9332397479681,41.9648219488274,93.89806169679552,22.345927510492253,4.552803280715994,-0.37189778301018195,-1.4359513835866125,-0.3465192034135673
Brunei Darussalam,BRN,2019,373256767.2,3.86884416432889,57.9460406090157,50.5636178817246,108.50965849074028,22.31730825564977,4.696012750761577,-0.3885375353333954,-0.2770465365644958,-0.08776683965472502
Brunei Darussalam,BRN,2020,565542275.4,1.13357340605403,57.3561113668496,52.9348921971137,110.2910035639633,22.355618697671307,4.712148424502078,-0.36626315152641603,-1.1076350009498368,-0.058612736089736044
Brunei Darussalam,BRN,2021,206462739.4,-1.59076248075436,80.1689108263479,66.9542015818087,147.1231124081566,22.28284480001761,4.998043768572126,-0.4085752116837229,-1.9349029976732066,0.45794595267732907
Brunei Darussalam,BRN,2022,-290169984.9,-1.62833154022366,86.3893570088471,60.5846090836886,146.9739660925357,22.172578494661945,4.99703635351089,-0.4726860357010739,-1.9463111653358067,0.4561257446401232
Brunei Darussalam,BRN,2023,-55927970.38,1.12764419161606,76.7032024347733,60.1602318660444,136.8634343008177,22.22610409244192,4.926263588657576,-0.44156528518144034,-1.109435457851643,0.32825277513807055
Brunei Darussalam,BRN,2024,29063018.65,4.20037273472056,74.2982844367187,58.924934101365,133.2232185380837,22.244837819724737,4.899504224014065,-0.4306731573537794,-0.17637503801231702,0.2799036760736778
Cambodia,KHM,2000,118308566.3,9.99358032292079,49.3049002706901,61.0922250330406,110.39712530373068,22.264138755119614,4.71310152198725,-0.4194512444722332,1.5827822154303097,-0.05689066961534475
Cambodia,KHM,2001,146481995.1,7.38971065070517,51.1797752012962,60.5919660427045,111.77174124400072,22.270155200661794,4.725365786791841,-0.41595317423109723,0.7920948196899408,-0.03473146808389464
Cambodia,KHM,2002,130956363.9,6.26507280509637,54.188950476339,64.0806115959488,118.2695620722878,22.266844175108368,4.781386158849854,-0.4178782643652771,0.4505888761383062,0.06648672428876676
Cambodia,KHM,2003,81580650.56,10.2836813071691,54.2286240176407,65.846345075958,120.0749690935987,22.256240746931486,4.796409933022679,-0.4240432892623753,1.6708738715468143,0.0936318361208288
Cambodia,KHM,2004,131416229.3,9.45769481103929,60.8183573699975,70.5331236862783,131.35148105627582,22.266942404589418,4.885461119062147,-0.41782115196858766,1.4200559759699307,0.25453044761563104
Cambodia,KHM,2005,379180190.6,13.3033338358455,61.0399163553182,72.5120489103296,133.5519652656478,22.318510597154,4.901950483276931,-0.3878384722393911,2.5878173036304806,0.28432360281757185
Cambodia,KHM,2006,483209382.7,10.9433600681694,64.672329331268,75.6764049872155,140.3487343184835,22.339394252109226,4.951230129861686,-0.3756963375831593,1.8711909946064844,0.3733625821179426
Cambodia,KHM,2007,867288538.6,10.398458101201,61.1365869942825,72.5634368325363,133.7000238268188,22.412926839541072,4.903050260304341,-0.3329431614685003,1.705726831098853,0.28631069141834337
Cambodia,KHM,2008,815180218.0,7.47636606631011,61.7787856845594,68.614724994177,130.3935106787364,22.403262022772985,4.878196718824409,-0.3385624607184404,0.8184084810926516,0.24140505351839173
Cambodia,KHM,2009,928393617.3,4.07477850599065,46.2109950081593,56.0769540065406,102.2879490146999,22.42414260988892,4.637520709249609,-0.32642210975945196,-0.21451280454268798,-0.19345087016950013
Cambodia,KHM,2010,1404315449.0,5.07691843229247,50.2265428540514,59.7718577537062,109.9984006077576,22.50744174636944,4.7095157922694035,-0.27799048540716736,0.08979559343515701,-0.0633694034588381
Cambodia,KHM,2011,1538883425.0,7.28665813879552,49.9211772643531,59.8693279024614,109.7905051668145,22.529788904778773,4.7076410772009885,-0.2649974433763551,0.7608020391273056,-0.0667566581925671
Cambodia,KHM,2012,1988102945.0,7.65025657870362,53.285002586552,63.4552308316603,116.7402334182123,22.600967230433888,4.768480786086789,-0.2236130776337486,0.8712118290695073,0.043169162212954845
Cambodia,KHM,2013,2068470774.0,7.8574997554252,56.6205657745424,68.2669869941146,124.887552768657,22.613183859145977,4.835389070147302,-0.21651010877195734,0.9341430001013954,0.16405974752267938
Cambodia,KHM,2014,1853471158.0,8.00032074618566,56.629548029687,67.8253604970058,124.4549085266928,22.58016153083919,4.831946399402041,-0.23570988763360323,0.9775118209169771,0.1578394941225631
Cambodia,KHM,2015,1822804151.0,7.20703472529512,55.9812203124044,66.1283765029746,122.109596815379,22.57536117085359,4.81307498965927,-0.23850090374014798,0.7366237055753734,0.12374243422247959
Cambodia,KHM,2016,2475915854.0,7.90550116130704,56.4318377218234,66.2727178808437,122.7045556026671,22.672921981277987,4.817896106551091,-0.18177728424519832,0.9487190393761619,0.13245327849359623
Cambodia,KHM,2017,2788084322.0,8.07503915535979,56.3000536720904,64.8553976265984,121.1554512986888,22.716392069779513,4.805294424613716,-0.15650298866641044,1.0002007077664814,0.10968442816829965
Cambodia,KHM,2018,3212633447.0,8.77622376224463,55.4713973566208,62.9662580564288,118.4376554130496,22.772633243254642,4.782794523207805,-0.12380335332846018,1.213121437504563,0.06903137169607612
Cambodia,KHM,2019,3663032999.0,7.93695013588524,55.4468679729119,60.289811099536,115.73667907244791,22.829031377708574,4.759920792158817,-0.0910124580389122,0.9582687906841003,0.02770287592672618
Cambodia,KHM,2020,3624644990.0,-3.55572193406549,59.9217979409609,62.1835984056075,122.1053963465684,22.824346587735842,4.813040869326003,-0.09373627964997724,-2.531579816583266,0.12368078524855125
Cambodia,KHM,2021,3483461606.0,3.08984284151994,72.3610346435508,73.8188118661646,146.1798465097154,22.806925581237167,4.991655284623302,-0.10386516787416548,-0.5135969806141801,0.4464031732642961
Cambodia,KHM,2022,3578831296.0,5.12990110767267,72.2070606780988,73.6665720833071,145.8736327614059,22.818726704332168,4.989572575996583,-0.09700378149225715,0.1058842379870486,0.4426401136006223
Cambodia,KHM,2023,3958792379.0,5.00733043812642,66.8926660552171,67.3141763407136,134.20684239593072,22.864407617876434,4.906805771765606,-0.07044407225250389,0.06866460117810907,0.29309618868620224
Cambodia,KHM,2024,4394647334.0,6.01581457354608,71.3635841655888,72.0834255374222,143.44700970301102,22.914360847031702,4.972912725438095,-0.04140036145488601,0.37489947275751034,0.4125389218951743
Indonesia,IDN,2000,-4550355286.0,4.9200677470169,40.9773084738704,30.4595674435027,71.4368759173731,0.6931471805599453,4.2827155055995005,-12.961215841151935,0.04216653535134564,-0.8345166117659285
Indonesia,IDN,2001,-2977391857.0,3.64346644721492,39.0321390955111,30.7610684301127,69.7932075256238,21.17622721281843,4.2597630571936245,-1.051982689231779,-0.34548441657986617,-0.8759873348765088
Indonesia,IDN,2002,145085548.7,4.49947539085764,32.6876208878375,26.3918408785348,59.0794617663723,22.26985784012956,4.09566804880011,-0.41612606502208016,-0.08554994689367396,-1.1724759071010573
Indonesia,IDN,2003,-596923827.8,4.78036912167654,30.4776547809661,23.1388389663355,53.6164937473016,22.09784976283832,4.000335920416803,-0.5161346717964899,-0.0002541523802683026,-1.3447229907156433
Indonesia,IDN,2004,1896082770.0,5.03087394501685,32.2166946182599,27.5446002184312,59.7612948366911,22.586793576144167,4.106952988176788,-0.23185389655771707,0.07581378930700254,-1.152086160964427
Indonesia,IDN,2005,8336257208.0,5.69257130383384,34.0672676279992,29.9206682408643,63.9879358688635,23.279454818428338,4.174201650651966,0.17087187596621592,0.27674387693542873,-1.0305805763858769
Indonesia,IDN,2006,4914201435.0,5.50095178520348,31.0347163143166,25.6224105005701,56.6571268148867,22.97081978723048,4.054513861188737,-0.00857411260565902,0.2185569639053528,-1.2468337224021546
Indonesia,IDN,2007,6928480000.0,6.34502222667214,29.4357184851264,25.3935314930811,54.8292499782075,23.16377076694172,4.0222979252038655,0.10361107637244721,0.47486620484305087,-1.3050418114631352
Indonesia,IDN,2008,9318453650.0,6.01370360009123,29.8082841673732,28.7531154639229,58.5613996312961,23.352908194334212,4.087007707057766,0.21357899706719405,0.3742584575326307,-1.1881235028646444
Indonesia,IDN,2009,4877369178.0,4.62887118256153,24.1591196686279,21.3530017000775,45.512121368705394,22.96692059651899,3.8397129532194065,-0.010841172599263578,-0.0462578031071321,-1.6349382427032149
Indonesia,IDN,2010,15292009411.0,6.22385418062366,24.2990309366408,22.4022429392329,46.701273875873696,23.71108512015842,3.864958103530856,0.42182953910289595,0.43807248670910887,-1.5893250418830758
Indonesia,IDN,2011,20564938227.0,6.16978420771008,26.3273530888836,23.8526600952268,50.1800131841104,23.946742800920664,3.935349088334392,0.5588451763907659,0.42165367492026345,-1.4621418765558787
Indonesia,IDN,2012,21200778608.0,6.03005065305615,24.5943787881769,24.9885195110858,49.5828982992627,23.97174449788277,3.92361354089045,0.5733816151415038,0.3792223806025071,-1.4833457860470423
Indonesia,IDN,2013,23281742362.0,5.5572636889101,23.9235763793605,24.7137962959288,48.6373726752893,24.049455783341205,3.9047440313629553,0.6185643618574466,0.23565655723987022,-1.5174394126183515
Indonesia,IDN,2014,25120732060.0,5.006668425755,23.6659845969367,24.414190988586,48.080175585522696,24.113438918639634,3.8934551973734486,0.6557653138070456,0.06846357543419733,-1.5378361955820499
Indonesia,IDN,2015,19779127977.0,4.87632230022123,21.1601792598059,20.7774609817235,41.9376402415294,23.914954754921972,3.7597488361555027,0.5403630315841169,0.02888285461592092,-1.7794182432198573
Indonesia,IDN,2016,4541713739.0,5.03306918280177,19.0889938536664,18.3323479486654,37.4213418023318,22.930668334966843,3.648613081309734,-0.031918893060686675,0.07648039211962045,-1.9802194839151326
Indonesia,IDN,2017,20510310832.0,5.06978590134916,20.1773044351106,19.17819263535,39.3554970704606,23.94456536706665,3.6977276201446743,0.5575791769707825,0.08762973913884549,-1.8914788230187465
Indonesia,IDN,2018,18909826044.0,5.17429153955024,21.0027464972455,22.0715624579547,43.0743089552002,23.87857040955363,3.7858770493226803,0.5192085152033218,0.11936377398364116,-1.7322095152240746
Indonesia,IDN,2019,24993551748.0,5.01928768046282,18.5915277970883,19.0362497386225,37.627777535710806,24.109143367862966,3.653971642942152,0.6532678029036716,0.07229552053789391,-1.9705375788826358
Indonesia,IDN,2020,19175077748.0,-2.06551182934165,17.3311682848923,15.6410071153504,32.9721754002427,23.889813433583523,3.525541818987052,0.5257454126959716,-2.0790647159302167,-2.2025859239741767
Indonesia,IDN,2021,21213080330.0,3.70288562827751,21.4165556390653,18.7882026359018,40.20475827496711,23.972222099553516,3.7185537417976327,0.5736593013899437,-0.32744127178167504,-1.8538499692570716
Indonesia,IDN,2022,24702029705.0,5.30719722664799,24.5029116862832,20.9617585096621,45.4646701959453,24.09922694552244,3.838692243081289,0.6475022156238162,0.15972172765994244,-1.6367824724239624
Indonesia,IDN,2023,21543358781.0,5.04902331835997,21.7538472039177,19.5824396668474,41.3362868707651,23.984960282000184,3.745644563957516,0.581065511024928,0.08132500244340372,-1.8049019892959062
Indonesia,IDN,2024,24107310607.0,5.03034469419038,22.18331286866,20.389334433174,42.572647301834,24.078686814822664,3.774429598022685,0.6355598121820832,0.07565307774676576,-1.7528928895983054
Lao PDR,LAO,2000,33890000.0,5.79878232861959,30.6620036016085,38.175297766224,68.8373013678325,22.245891324525864,4.24616827057621,-0.43006063061055827,0.30899576706758836,-0.9005505370930477
Lao PDR,LAO,2001,23904284.13,5.75141287983195,27.8731588735049,38.0262780063432,65.8994368798481,22.243710680418662,4.203190549757173,-0.43132849652980154,0.29461162699360127,-0.978203131208184
Lao PDR,LAO,2002,4451297.031,5.91874368370564,28.7525146642775,38.5023881880757,67.2549028523532,22.23944890463407,4.223249268149456,-0.43380637004198713,0.34542306312413984,-0.941960829659802
Lao PDR,LAO,2003,19484000.8,6.06700230344272,23.5004331627788,37.0716627200091,60.57209588278791,22.242743874669614,4.12020877899322,-0.4318906148762561,0.3904430666929923,-1.128135459895896
Lao PDR,LAO,2004,16917263.0,6.35769548008234,24.9121225651615,41.1676290571222,66.0797516222837,22.24218204771324,4.205882234239204,-0.4322172712289122,0.4787145471166264,-0.9733397676191928
Lao PDR,LAO,2005,27720000.0,7.10756836811267,28.9637357220067,42.8289105517785,71.7926462737852,22.244544503950994,4.287614937377781,-0.43084369644902937,0.7064198917042079,-0.8256642673413468
Lao PDR,LAO,2006,187310641.0,8.61926620832807,38.1550775230179,43.8062978932242,81.9613754162421,22.278810431332637,4.418375143053872,-0.41092086659570304,1.1654599278398092,-0.589405364256854
Lao PDR,LAO,2007,323520000.0,7.59682880054878,33.6143130828635,45.5983158206633,79.21262890352679,22.307155204624692,4.384680970100766,-0.3944407028097013,0.8549880252362306,-0.6502843472859814
Lao PDR,LAO,2008,227770000.0,7.82490276337012,33.1540804750868,48.695101619045,81.8491820941318,22.287314107356387,4.417021871695077,-0.4059766755728813,0.924244643424016,-0.591850469058819
Lao PDR,LAO,2009,318598209.1,7.50177491225853,30.0830696746432,46.8477565440088,76.930826218652,22.30614486329011,4.355821589860759,-0.3950281335328932,0.8261240954515798,-0.7024277764275058
Lao PDR,LAO,2010,278805903.1,8.52690551739717,35.384026037956,49.3363118537116,84.7203378916676,22.297938623090207,4.451090112404276,-0.3997993899888267,1.1374138105705087,-0.5302956165074858
Lao PDR,LAO,2011,300743507.1,8.03865268023725,40.3431560976816,51.35553977034,91.6986958680216,22.30247107192666,4.529354404166718,-0.3971641422693692,0.9891516420003245,-0.3888868780700213
Lao PDR,LAO,2012,617755394.5,8.02609843461283,37.8767283501759,60.3083980811903,98.1851264313662,22.365773020089787,4.596988067881747,-0.3603592448389945,0.9853394374632936,-0.26668566923680637
Lao PDR,LAO,2013,681397257.1,8.02630022699017,38.1731033983004,60.00604321766,98.1791466159604,22.378012153556956,4.596927776627523,-0.3532431913056181,0.9854007134522653,-0.2667946041036097
Lao PDR,LAO,2014,867646121.7,7.61196343979319,40.7545466511497,58.3051916421903,99.05973829334,22.412992840797543,4.605767390559337,-0.3329047871444048,0.8595837884640615,-0.2508230974787726
Lao PDR,LAO,2015,1077759915.0,7.27006584373785,33.9522573081909,51.8460643954901,85.79832170368101,22.45104044560526,4.463587286268329,-0.31078322164675526,0.7557636461890976,-0.5077155924587996
Lao PDR,LAO,2016,935296172.8,7.02283625501138,33.209427456122,41.8824634642904,75.0918909204124,22.425401694960865,4.331941700982452,-0.3256900549290133,0.680690257629769,-0.7455742086543249
Lao PDR,LAO,2017,1686287305.0,6.8925308726989,33.209427456122,41.8824634642904,75.0918909204124,22.553707828535472,4.331941700982452,-0.25109054854838375,0.6411219088406609,-0.7455742086543249
Lao PDR,LAO,2018,1358019506.0,6.24796000755872,33.209427456122,41.8824634642904,75.0918909204124,22.49963663799204,4.331941700982452,-0.2825285165673288,0.44539242815042995,-0.7455742086543249
Lao PDR,LAO,2019,755524124.2,5.4577350924848,33.209427456122,41.8824634642904,75.0918909204124,22.392081365716933,4.331941700982452,-0.3450630969246399,0.20543384388791777,-0.7455742086543249
Lao PDR,LAO,2020,967706086.2,0.503031829018681,33.209427456122,41.8824634642904,75.0918909204124,22.43129243522405,4.331941700982452,-0.3222650720103698,-1.2991043677818108,-0.7455742086543249
Lao PDR,LAO,2021,1071913716.0,2.52835100486102,33.209427456122,41.8824634642904,75.0918909204124,22.45000115673856,4.331941700982452,-0.31138748298861557,-0.6840988005764483,-0.7455742086543249
Lao PDR,LAO,2022,726273736.5,2.70742652643155,33.209427456122,41.8824634642904,75.0918909204124,22.386553288443945,4.331941700982452,-0.3482772210222933,-0.6297209800187206,-0.7455742086543249
Lao PDR,LAO,2023,1781176779.0,3.74568140158232,33.209427456122,41.8824634642904,75.0918909204124,22.568808076518728,4.331941700982452,-0.24231099129424094,-0.31444596756036863,-0.7455742086543249
Lao PDR,LAO,2024,988457806.8,4.25825724651581,33.209427456122,41.8824634642904,75.0918909204124,22.435046071936448,4.331941700982452,-0.3200826397440733,-0.15879790872145477,-0.7455742086543249
Malaysia,MYS,2000,3787631579.0,8.85886816969386,119.809708726968,100.597080255106,220.406788982074,22.84408764132582,5.400001683680083,-0.08225847409059128,1.2382171218223326,1.1842077050087567
Malaysia,MYS,2001,553947368.4,0.517675319192861,110.402491356547,92.9621446541059,203.3646360106529,22.353349679114864,5.3199058297144495,-0.36758239994863395,-1.2946577461886033,1.0394896808844158
Malaysia,MYS,2002,3192894737.0,5.39098830692797,108.305302795051,91.0509299006036,199.35623269565465,22.770087336285567,5.300096945635735,-0.12528358968110184,0.18516560903380402,1.0036987825788721
Malaysia,MYS,2003,3218947368.0,5.7884992858875,106.943446148115,87.2516829087158,194.1951290568308,22.773446249035803,5.273999720065345,-0.12333065706469222,0.3058732328006544,0.9565460432960805
Malaysia,MYS,2004,4376052632.0,6.78343772370305,115.373337721075,95.0009281760497,210.3742658971247,22.912279902310924,5.3536303342245395,-0.04261026034787313,0.6079948369318554,1.1004234672869773
Malaysia,MYS,2005,3924786635.0,5.33213916141486,112.898976779781,90.9556678158424,203.8546445956234,22.860403236149406,5.322300676889977,-0.07277229220484355,0.16729556042737204,1.043816715732822
Malaysia,MYS,2006,7690731246.0,5.5848470671515,112.18548084399,90.3916659964074,202.5771468403974,23.228063879208495,5.316045032995231,0.140992254537144,0.24403248701090832,1.0325139531146525
Malaysia,MYS,2007,9071369835.0,6.29878592740947,106.168274866985,86.2972314906664,192.4655063576514,23.334931790660164,5.265099234861764,0.2031271908813025,0.4608261553571772,0.9404645538226948
Malaysia,MYS,2008,7572512432.0,4.83176988913097,99.4995772447266,77.1687475404215,176.66832478514812,23.21835940016077,5.179918468203612,0.13534989492056054,0.015354132239836147,0.7865590564238714
Malaysia,MYS,2009,114664434.6,-1.51352871598714,91.4167918670926,71.1421785856069,162.5589704526995,22.263357899018132,5.097173600861196,-0.4199052483308327,-1.9114503014885103,0.6370547673084443
Malaysia,MYS,2010,10885801852.0,7.42484738326097,86.9302950693543,71.0144698174169,157.9447648867712,23.459978460668438,5.068556751216884,0.2758315861995077,0.802764390389204,0.5853495449761489
Malaysia,MYS,2011,15119439204.0,5.29391283414003,85.2554421085998,69.6822424986263,154.9376846072261,23.70235002150429,5.049456469799092,0.41675079477766735,0.155687807749053,0.5508389573471345
Malaysia,MYS,2012,8895774251.0,5.47345419253853,79.2999139255312,68.5418408404822,147.8417547660134,23.3219571349644,5.002883693022022,0.1955834914228521,0.2102070836615854,0.46669077864048736
Malaysia,MYS,2013,11296279514.0,4.69372252557893,75.6290410302627,67.0919504346102,142.7209914648729,23.48622299939638,4.96787386080817,0.2910906356287639,-0.0265651356638103,0.4034346487403396
Malaysia,MYS,2014,10619431583.0,6.00672194558203,73.7934986257765,64.5187325510668,138.31223117684328,23.442571580834393,4.936717681502904,0.26571091147360604,0.37213841816171217,0.3471413390984151
Malaysia,MYS,2015,9857162112.0,5.09153242155011,69.4486908970754,61.9213815481844,131.37007244525978,23.391015948978687,4.885601579019174,0.2357355347677003,0.09423325682161557,0.25478423213059836
Malaysia,MYS,2016,13470089921.0,4.44978139761541,66.7754454542508,60.1235645714491,126.89901002569992,23.614772795203205,4.851240968333574,0.3658318116376544,-0.10063995486139408,0.1927011224572891
Malaysia,MYS,2017,9368469823.0,5.81272240983328,70.011742508597,63.1434308633591,133.1551733719561,23.356508085345155,4.89899714021271,0.21567203880228955,0.31322879248697616,0.2789874717739016
Malaysia,MYS,2018,8304480742.0,4.84308697634881,68.554971419686,61.8476540824403,130.40262550212628,23.2769859222348,4.878266086841199,0.1694364150711542,0.018790662998315524,0.2415303883744458
Malaysia,MYS,2019,9154921685.0,4.41318742129586,65.2777668428576,57.7507951850853,123.02856202794293,23.34104677612847,4.820511878016121,0.20668255401750812,-0.11175203014866036,0.1371794816519072
Malaysia,MYS,2020,4058769679.0,-5.45684658426701,61.5779359054349,55.2102465322035,116.7881824376384,22.876088520372374,4.768887947319664,-0.06365258430098947,-3.108872649126071,0.043904825374084216
Malaysia,MYS,2021,20245157327.0,3.31534954399166,70.6330555493337,63.4029391413929,134.0359946907266,23.93392853080165,4.905541370238393,0.5513947280070922,-0.4451199330868193,0.29081165482260674
Malaysia,MYS,2022,15027992711.0,8.86182187578046,76.8501886436659,69.6552296371211,146.505418280787,23.69769009863023,4.993864909212224,0.4140414313474719,1.2391140400507359,0.45039554601186055
Malaysia,MYS,2023,7918601050.0,3.55548715410509,68.5819009768029,63.4824063018645,132.0643072786674,23.246507899310654,4.890832524740268,0.15171594137083214,-0.37220008476033173,0.264235559403832
Malaysia,MYS,2024,15593246087.0,5.11415547829091,71.3546178043924,66.0117234014389,137.3663412058313,23.72615252528175,4.9299048142259725,0.43059000092434085,0.10110294235501212,0.3348317794630075
Philippines,PHL,2000,1487000000.0,4.38250500083399,43.3442192240219,41.809149235982,85.15336846000389,22.52123188677656,4.456129062151563,-0.2699726483901038,-0.12106901071373002,-0.5211911895617154
Philippines,PHL,2001,760000000.0,3.04923134463486,41.1555015074547,43.7448871162984,84.9003886237531,22.39292457918981,4.453188353121456,-0.3445728373626253,-0.5259290105355774,-0.5265044933008118
Philippines,PHL,2002,1769000000.0,3.71625500158383,40.0056799440289,43.83912414975,83.84480409377889,22.566883028509256,4.440823753432541,-0.24343024901999974,-0.323381546721296,-0.5488449809474745
Philippines,PHL,2003,492000000.0,5.08691113513073,42.3050183712712,45.2696259923924,87.5746443636636,22.341139128917767,4.483845635656414,-0.3746818346518831,0.09282996349902745,-0.47111259554559826
Philippines,PHL,2004,592000000.0,6.56922851180626,41.8268409907999,45.2984438324049,87.1252848232048,22.3607770386968,4.478759493163576,-0.36326399876946,0.5429483694740004,-0.4803022908361214
Philippines,PHL,2005,1664000000.0,4.94250511877678,41.2300392158954,42.6156353549097,83.8456745708051,22.550127821693177,4.440834013018502,-0.25317202926823723,0.048979836045071286,-0.548826443820582
Philippines,PHL,2006,2707414997.0,5.31641682136939,41.2454593705084,39.6050793023691,80.85053867287749,22.705338495332867,4.404894885015739,-0.16292973674530722,0.16252133680237796,-0.6137616350421305
Philippines,PHL,2007,2918724841.0,6.51929155018938,38.0141863378076,35.6307936542553,73.6449799920629,22.734037686473727,4.312743274464294,-0.14624350801262928,0.5277845820719832,-0.7802621258740635
Philippines,PHL,2008,1340027563.0,4.34448730509183,33.3568332437392,34.3242375293009,67.6810707730401,22.496586832667266,4.229473626662546,-0.28430172853659846,-0.13261341063480597,-0.9307145937954274
Philippines,PHL,2009,2064620678.0,1.44832306275669,30.2195255995892,30.6670651873867,60.8865907869759,22.612602001248984,4.125303529195674,-0.21684841147573342,-1.0120585636865076,-1.118930212105885
Philippines,PHL,2010,1070386940.0,7.33449996034538,32.8748297195678,33.2294487942119,66.10427851377969,22.44972956117081,4.206247805190446,-0.31154539356330757,0.7753296192486819,-0.9726792502125898
Philippines,PHL,2011,2007150725.0,3.85823282795663,29.1054288781405,31.690407821767,60.7958366999075,22.60387618667019,4.123835994878953,-0.22192175787166815,-0.2802687600156288,-1.1215817684116782
Philippines,PHL,2012,3215415155.0,6.89695171050985,27.4670738577233,30.3749316555848,57.842005513308095,22.77299150858645,4.074855979335051,-0.12359505138558652,0.6424643342212508,-1.2100793712231097
Philippines,PHL,2013,3737371740.0,6.75053130142255,26.1774198090007,29.6473614230291,55.8247812320298,22.838041586110332,4.039972519876903,-0.08577375993125778,0.598002519108221,-1.273107169510531
Philippines,PHL,2014,5739574024.0,6.34798748260867,27.3545041909285,30.113667896666,57.468172087594496,23.054431517186654,4.068482539300995,0.040039259246390596,0.47576663028260974,-1.221594969134073
Philippines,PHL,2015,5639155962.0,6.34830971672761,27.2080572390451,31.9335348662643,59.1415921053094,23.04462471934086,4.096701650527387,0.034337409630250004,0.47586447944113025,-1.1706083847225923
Philippines,PHL,2016,8279548275.0,7.14945675000752,26.6730033435157,35.1030624218713,61.776065765387,23.275044499021934,4.139573882444526,0.16830763650600877,0.7191396587285056,-1.093146389055364
Philippines,PHL,2017,10256442399.0,6.9309883258402,29.5522908546692,38.6160788880035,68.1683697426727,23.418352215444738,4.236543673485137,0.25162933444697255,0.6527998448739296,-0.9179403594752474
Philippines,PHL,2018,9948598824.0,6.34148557153473,30.2136053733275,41.9497929256998,72.1633982990273,23.397342353564536,4.292695272676627,0.23941382080220266,0.4737922691272703,-0.816485064549482
Philippines,PHL,2019,8671365874.0,6.11852566221303,28.3829200126393,40.4589222469285,68.8418422595678,23.305126856692752,4.246233289470499,0.18579806327273554,0.4060885772193423,-0.9004330602768782
Philippines,PHL,2020,6822133291.0,-9.51829474045297,25.2028393102032,32.966720992025,58.169560302228206,23.154462993143255,4.080407225568009,0.09819936836189996,-4.34216627354034,-1.2000493216451869
Philippines,PHL,2021,11983363327.0,5.71473313185116,25.7520349160187,37.7325748976525,63.4846098136712,23.528667685064278,4.166426587790437,0.315768743456439,0.2834735064045375,-1.0446286410365866
Philippines,PHL,2022,9492234668.0,7.58098212785563,28.3874015457939,44.042282064966,72.4296836107599,23.365360688332185,4.296328262735183,0.22081910227164528,0.8501760469346303,-0.8099209402295998
Philippines,PHL,2023,8925128472.0,5.51894967862863,26.6368493470555,40.7831199703412,67.41996931739669,23.32413785365365,4.225664731104411,0.19685140070544638,0.2240221788633026,-0.9375965460061605
Philippines,PHL,2024,8929837510.0,5.69201612823412,25.7734411549927,40.1120313737041,65.8854725286968,23.32448724485055,4.202981791515848,0.19705454306580153,0.27657529309507556,-0.9785803177753847
Singapore,SGP,2000,15515295182.0,9.03831632555163,188.350890284751,176.013630183467,364.364520468218,23.722275258280877,5.900895541441483,0.42833568777256226,1.2927080959826718,2.0892279501559137
Singapore,SGP,2001,17006818857.0,-1.07086275100448,182.894180709771,166.397924985207,349.292105694978,23.7939745050555,5.858767394108734,0.4700229264745178,-1.7770309782905045,2.0131103742745156
Singapore,SGP,2002,6157194144.0,3.92336076702013,184.086118066532,165.659895919145,349.746013985677,23.09421488402031,5.860062354657631,0.06317002817587881,-0.2604921018066799,2.015450122497136
Singapore,SGP,2003,17051420153.0,4.54825542643229,202.586206389804,174.632357911778,377.218564301582,23.79604134460119,5.935472240957234,0.4712246243636281,-0.07073747002349962,2.1517014913807504
Singapore,SGP,2004,24390254966.0,9.93998268434957,213.951695442646,187.572017095863,401.523712538509,24.08851164479681,5.99775400826246,0.6412721460037454,1.566506832022333,2.2642328379751895
Singapore,SGP,2005,19316058814.0,7.36632239250758,225.159667736916,195.270845183643,420.43051292055895,23.895738039870473,6.04365490719808,0.5291900859332728,0.7849927741603654,2.347167060792069
Singapore,SGP,2006,39129332047.0,9.00676607871758,228.037617061062,197.325782481957,425.363399543019,24.50014901027594,6.055292033198987,0.8806055544468409,1.2831275924842176,2.368193141393692
Singapore,SGP,2007,47337947783.0,9.02151951268893,212.779393731371,181.509078187707,394.288471919078,24.67235922736311,5.979615807011415,0.9807316889541496,1.2876075994559595,2.2314605468233015
Singapore,SGP,2008,13598298537.0,1.86348345462035,228.993770935119,208.332943955938,437.326714891057,23.621862225485096,6.082964556721908,0.36995373461058384,-0.8859915440657016,2.418192145443137
Singapore,SGP,2009,23436064060.0,0.127953382778088,190.844935011128,167.347876817714,358.192811828842,24.05498520617406,5.883859324615455,0.6217792682879396,-1.41300016027129,2.058446735953809
Singapore,SGP,2010,55322434162.0,14.5197497108994,197.998960793027,171.686594994619,369.685555787646,24.815487972580502,5.915354144702766,1.0639493297997271,2.957192434285624,2.115351905291824
Singapore,SGP,2011,49155657316.0,6.21493416858989,203.327708649538,175.770922728001,379.0986313775391,24.70679079874838,5.940430775298216,1.000750827226732,0.4353638484234787,2.1606606229318985
Singapore,SGP,2012,55310807548.0,4.43549759378537,196.719612875759,172.493352911906,369.212965787665,24.81529376510945,5.914078423263695,1.0638364140639596,-0.10497735460614796,2.1130469184934486
Singapore,SGP,2013,64389514904.0,4.81763099120676,195.077796338143,171.963983710876,367.041780049019,24.95650051512068,5.908196464466476,1.145936572138831,0.011060734418269914,2.1024193340059973
Singapore,SGP,2014,68698472831.0,3.93554027709007,191.953535787505,168.513783378732,360.46731916623696,25.017128086340186,5.890171634099286,1.1811865384500806,-0.2567936889401095,2.0698518825492034
Singapore,SGP,2015,69774553125.0,2.97679931634806,178.384608499682,151.08679044058,329.471398940262,25.03171197357956,5.800520116788384,1.189665874229734,-0.5479236181864092,1.9078685862533722
Singapore,SGP,2016,65133174223.0,3.74757848792792,164.550664245506,138.288991801068,302.839656046574,24.96722982135077,5.716500115041791,1.1521747848124746,-0.31386990099371104,1.7560603710003366
Singapore,SGP,2017,101970000000.0,4.47689915845876,171.741625509838,145.05278377773,316.794409287568,25.39160193329777,5.76140466202707,1.3989124051503443,-0.0924054138133798,1.8371943747241313
Singapore,SGP,2018,83413645041.0,3.4519759658687,178.198251436118,148.398335850632,326.59658728675004,25.20019348055518,5.791782934607041,1.2876240692472558,-0.4036321463300571,1.8920821543833672
Singapore,SGP,2019,106573000000.0,1.30804118153127,176.891299992751,147.50368512255,324.394985115301,25.43390673011302,5.785039783219656,1.423509179069303,-1.0546563620783551,1.8798985581441356
Singapore,SGP,2020,79753262990.0,-3.81470885510713,181.782024531778,150.258780950135,332.040805481913,25.157690622480334,5.8082650214578795,1.2629121389301785,-2.610223420107012,1.921862160768249
Singapore,SGP,2021,145405000000.0,9.7568044629903,182.710806574886,146.450577108876,329.161383683762,25.733603455328314,5.799581576384666,1.5977582749003443,1.510883191427574,1.9061728216655425
Singapore,SGP,2022,149724000000.0,4.10800021897151,186.114290787201,146.235276967639,332.34956775484,25.761998382165714,5.809191692392582,1.614267598864599,-0.20442474598923543,1.9235364794756955
Singapore,SGP,2023,132496000000.0,1.82140694115385,181.561322405378,144.131901648402,325.69322405378,25.6435850653102,5.789021577815811,1.545419955028634,-0.8987684388579639,1.8870929061396244
Singapore,SGP,2024,151941000000.0,4.38802362461865,178.776286814392,143.595141120325,322.37142793471696,25.7762666076246,5.778801594244077,1.6225634031765683,-0.11939323319117427,1.8686273332559238
Thailand,THA,2000,3365987583.0,4.45524704335014,64.840250738685,56.457704612787,121.297955351472,22.79219517741724,4.806460324249793,-0.11242969104339325,-0.0989802645788323,0.11179098778788689
Thailand,THA,2001,5067170388.0,3.44424900968372,63.250689756653,57.01727651688,120.267966273533,22.986852862303824,4.798002694292514,0.0007478071881412614,-0.40597850295769244,0.09650965379128025
Thailand,THA,2002,3341612007.0,6.14903605210036,60.6457526009701,54.3239904200966,114.9697430210667,22.789111281028248,4.753329321057445,-0.11422272417391105,0.4153533192225429,0.01579333720987245
Thailand,THA,2003,5232270340.0,7.18924330340971,61.522551633189,55.1702680716755,116.6928197048645,23.003873754082406,4.76807800734897,0.01064406147829183,0.7312211874742569,0.042441417389591146
Thailand,THA,2004,5860255943.0,6.28934214285795,65.9718573391185,61.4400163812742,127.41187372039268,23.06609143360367,4.855242861438248,0.046818545512101864,0.4579584690468172,0.1999317846475417
Thailand,THA,2005,8215637195.0,4.18763842884337,68.402716900887,69.4511499313604,137.8538668322474,23.2700506349504,4.933422062354931,0.16540411362452692,-0.180241919391994,0.3411867800576243
Thailand,THA,2006,8917470351.0,4.96781089246107,68.6753420333013,65.4116041579669,134.08694619126825,23.323569391844238,4.905918616991146,0.19652088672924836,0.05666415162550552,0.29149326818912535
Thailand,THA,2007,8633903441.0,5.43515169050809,68.8722751702483,61.0009518194692,129.8732269897175,23.302289434390023,4.87422912174243,0.18414833463327104,0.1985761998643102,0.2342363577395586
Thailand,THA,2008,8561557725.0,1.72569884866334,71.4164181071068,69.0205934338244,140.4370115409312,23.29678704421401,4.951854469854827,0.18094914547833124,-0.9278310233682738,0.3744906461276976
Thailand,THA,2009,6411458545.0,-0.690618232300579,64.4386124917652,54.8308063628242,119.2694188545894,23.117683600485055,4.7897343833044435,0.07681516434264574,-1.6615664635159568,0.08157038328231613
Thailand,THA,2010,14746672920.0,7.51339053261624,66.4861731592239,60.7643494790272,127.2505226382511,23.683216942141186,4.853985559194631,0.4056264764285445,0.8296512783626707,0.19766007784357278
Thailand,THA,2011,2473685996.0,0.840132083053334,70.8549093801611,68.8204978444147,139.6754072245758,22.672604570824596,4.9464551601051,-0.18196183242293032,-1.1967409796252608,0.36473511697195593
Thailand,THA,2012,12899036063.0,7.24279620249642,68.9512356297981,68.7237028804414,137.67493851023949,23.582570605387687,4.932132622532074,0.34710887612642183,0.7474829853534063,0.33885700674037883
Thailand,THA,2013,15935960665.0,2.68749556320556,67.1711410731483,65.2911331011204,132.4622741742687,23.74302298571598,4.8938188474491815,0.44039879171044705,-0.6357731882286443,0.26963127841342116
Thailand,THA,2014,4975455660.0,0.984468863619426,68.3941351612178,62.5113602831802,130.905495444398,22.977270893232703,4.882085722573313,-0.0048233229125443375,-1.1529118762130905,0.24843174604351384
Thailand,THA,2015,8927579182.0,3.13404724911635,67.6366902705865,57.2029718819397,124.8396621525262,23.324319701461288,4.83500857400807,0.196957130309389,-0.5001739324886912,0.16337226313078673
Thailand,THA,2016,3486184390.0,3.43515771692182,67.0708839693011,53.5043433198287,120.5752272891298,22.807264439185197,4.800533225826492,-0.10366814973518851,-0.4087391521078873,0.10108184455334981
Thailand,THA,2017,8285169820.0,4.1776810321001,66.6728324663767,54.2185949672612,120.8914274336379,23.275482562625857,4.803130709433844,0.16856233460738185,-0.1832655684568071,0.10577500501971458
Thailand,THA,2018,13747219811.0,4.22287028746071,64.838096899332,56.0037678316517,120.8418647309837,23.630034379762428,4.80272401322179,0.37470517289471583,-0.16954346284691918,0.10504018206305502
Thailand,THA,2019,5534140215.0,2.11455779628278,59.5188906218859,50.1706240932801,109.689514715166,23.0342649826095,4.706729117208376,0.028314071346555846,-0.8097506632472028,-0.06840439701645186
Thailand,THA,2020,-4293910677.0,-6.05003846851622,51.4944266088919,46.3063166376258,97.8007432465177,19.3624232577359,4.59310512746356,-2.1065611100031485,-3.2890004608733596,-0.27370140647276425
Thailand,THA,2021,15389597696.0,1.55216608426647,58.5593891849287,58.6935554359232,117.2529446208519,23.715991243603703,4.772825928718254,0.4246820479975531,-0.9805257380925468,0.051020011227361294
Thailand,THA,2022,11854822038.0,2.58037874709827,65.3727641914083,67.485947891463,132.8587120828713,23.520862812566524,4.8967848562521725,0.31123084944096974,-0.6683001296772176,0.27499029404597103
Thailand,THA,2023,6516045720.0,2.01775095328327,65.4445629404008,63.3795512119745,128.8241141523753,23.12717941861141,4.8661805663092625,0.08233620472606826,-0.8391468927889059,0.2196941438586379
Thailand,THA,2024,10099247879.0,2.52596175771495,70.0638885497948,66.7108565429759,136.7747450927707,23.40767908446582,4.92562006959717,0.24542378308024712,-0.6848243159983084,0.32709005818959785
Viet Nam,VNM,2000,1298000000.0,6.78731640463151,53.9214970089166,57.4955974105958,111.4170944195124,22.489426311310424,4.722216011478602,-0.288464985146133,0.6091726317174228,-0.04042251496333934
Viet Nam,VNM,2001,1300000000.0,6.19289331233377,55.0619332820827,56.8940047164421,111.9559379985248,22.489768229337457,4.726997813453581,-0.2882661878218846,0.42867095306892344,-0.03178270529391766
Viet Nam,VNM,2002,1400000000.0,6.32082099160833,54.7391336880928,61.9577349644058,116.6968686524986,22.506716766990152,4.7681124094305805,-0.27841200152899503,0.46751729190378616,0.04250357542936327
Viet Nam,VNM,2003,1450000000.0,6.89906349055258,56.6732579147533,67.6546965243715,124.3279544391248,22.515084519088013,4.830933937091726,-0.2735468391347675,0.6431055943734696,0.15601016666309214
Viet Nam,VNM,2004,1610000000.0,7.53641060890386,59.7310414143857,73.2854564543616,133.0164978687473,22.541400289451985,4.897962910795948,-0.2582463743441518,0.836641522292243,0.2771188152795295
Viet Nam,VNM,2005,1954000000.0,7.54724772895918,63.6994926701393,67.0153533748869,130.7148460450262,22.59573783377623,4.880639328630175,-0.22665354342023372,0.8399323068984385,0.24581838638514525
Viet Nam,VNM,2006,2400000000.0,6.97795481056711,67.7168143260187,70.5968075435795,138.3136218695982,22.662058615792038,4.936727664013426,-0.18809344139455994,0.6670616214490227,0.34715937560251675
Viet Nam,VNM,2007,6700000000.0,7.12950448605439,70.517874602272,84.0875093942823,154.6053839965543,23.14366554625372,5.047323212665944,0.09192153747658306,0.7130809823697919,0.5469845661149636
Viet Nam,VNM,2008,9579000000.0,5.66177120891362,70.3366919402715,83.9807876874868,154.3174796277583,23.371520405425674,5.045471277766564,0.22440047318367104,0.2673911635101431,0.543638470828181
Viet Nam,VNM,2009,7600000000.0,5.39789754014181,62.6088840664865,72.0974336552711,134.7063177217576,23.220624248116135,4.910493122291793,0.13666671847988804,0.18726365705621723,0.2997585320658307
Viet Nam,VNM,2010,8000000000.0,6.42324482239482,54.1758459668515,59.8018415728627,113.9776875397142,23.253014811924285,4.744738088144875,0.15549917803703944,0.4986191680423919,0.00027060800053511165
Viet Nam,VNM,2011,7430000000.0,6.41316889681683,61.1801557211956,64.0804222196337,125.26057794082932,23.20653408595523,4.838347850315581,0.1284744433895058,0.49555952667863823,0.16940570238265662
Viet Nam,VNM,2012,8368000000.0,5.5045447041189,63.4739249038633,59.7501918421214,123.2241167459847,23.28191502750717,4.822087327348273,0.17230228601568875,0.21964798460068694,0.14002601993283806
Viet Nam,VNM,2013,8900000000.0,5.55351081026072,66.8004459919109,64.0459088748316,130.8463548667425,23.32227135811006,4.881637266355267,0.19576618644222996,0.23451696339710956,0.24762147067258466
Viet Nam,VNM,2014,9200000000.0,6.42224312118567,69.5985759502054,65.8119455041556,135.410521454361,23.34433049985244,4.9156688791966525,0.2085917703743097,0.49831499286464626,0.3091101436104247
Viet Nam,VNM,2015,11800000000.0,6.98715430598611,72.9228518369495,71.9913763582877,144.9142281952372,23.517515464206483,4.983018970960639,0.3092846405701532,0.6698551272656118,0.43079899168562286
Viet Nam,VNM,2016,12600000000.0,6.69000892660424,74.1072862556183,71.3022217174998,145.4095079731181,23.565284726845235,4.9864075445899365,0.3370585537396699,0.5796243800485987,0.4369215018525303
Viet Nam,VNM,2017,14100000000.0,6.94019037359206,81.7625218355655,79.2175618233041,160.9800836588696,23.649131033149686,5.087473387297249,0.3858083125227451,0.6555941257283187,0.6195283202945835
Viet Nam,VNM,2018,15500000000.0,7.46500685572751,84.4234560833365,80.2404806925565,164.663936775893,23.72151271064174,5.109961259078826,0.4278923287850646,0.8149591592125822,0.6601596415161262
Viet Nam,VNM,2019,16120000000.0,7.35926270105006,85.1575874073411,79.5466276240668,164.7042150314079,23.751966399074853,5.110204361836249,0.4455986539722286,0.7828490381996762,0.6605988821131309
Viet Nam,VNM,2020,15800000000.0,2.86541320912272,84.381598008957,78.8642648059779,163.2458628149349,23.73636420755239,5.101364468706148,0.43652725766711853,-0.58174696656034,0.6446268710299164
Viet Nam,VNM,2021,15660000000.0,2.55372852648131,93.8502071275575,92.8256257092568,186.6758328368143,23.72946094801939,5.234716181103752,0.43251357773435223,-0.6763926981188633,0.8855681354811199
Viet Nam,VNM,2022,17900000000.0,8.53750046755788,93.420129043511,89.7334901043249,183.1536191478359,23.83457227675555,5.215770295957989,0.49362720512123115,1.1406310582077313,0.851336512646335
Viet Nam,VNM,2023,18500000000.0,5.06502391455075,86.4674192371297,78.3506520327642,164.8180712698939,23.860947020066373,5.11089123115193,0.5089619578496267,0.08618372093741175,0.6618399247548586
Viet Nam,VNM,2024,20170000000.0,7.09118746633975,86.4674192371297,78.3506520327642,164.8180712698939,23.93089284192453,5.11089123115193,0.5496297235957726,0.7014456901529882,0.6618399247548586
